{"cameraMode":{"drawMode":0,"name":"Shaded","section":"Shading Mode"},"sceneLighting":true,"audioPlay":false,"sceneViewState":{"m_AlwaysRefresh":false,"showFog":true,"showSkybox":true,"showFlares":true,"showImageEffects":true,"showParticleSystems":true,"showVisualEffectGraphs":true,"m_FxEnabled":true},"in2DMode":false,"pivot":{"x":223.17788696289063,"y":35.535064697265628,"z":216.9706268310547},"rotation":{"x":-0.08644968271255493,"y":0.10024503618478775,"z":0.008741380646824837,"w":0.991168200969696},"size":5.987784385681152,"orthographic":false}