{"cameraMode":{"drawMode":0,"name":"Shaded","section":"Shading Mode"},"sceneLighting":true,"audioPlay":false,"sceneViewState":{"m_AlwaysRefresh":false,"showFog":true,"showSkybox":true,"showFlares":true,"showImageEffects":true,"showParticleSystems":true,"showVisualEffectGraphs":true,"m_FxEnabled":true},"in2DMode":false,"pivot":{"x":223.4348907470703,"y":47.27880859375,"z":216.43072509765626},"rotation":{"x":0.24225382506847382,"y":0.09903425723314285,"z":-0.024866294115781785,"w":0.9648270010948181},"size":0.44573700428009035,"orthographic":false}