{"cameraMode":{"drawMode":0,"name":"Shaded","section":"Shading Mode"},"sceneLighting":true,"audioPlay":false,"sceneViewState":{"m_AlwaysRefresh":false,"showFog":true,"showSkybox":true,"showFlares":true,"showImageEffects":true,"showParticleSystems":true,"showVisualEffectGraphs":true,"m_FxEnabled":true},"in2DMode":false,"pivot":{"x":225.28956604003907,"y":44.424598693847659,"z":269.7957458496094},"rotation":{"x":0.8042360544204712,"y":-0.007663843221962452,"z":0.010373542085289956,"w":0.5941715836524963},"size":77.45174407958985,"orthographic":true}